Product Name,Unit,Base Price,Variant name
SAMPOERNA MILD MENTHOL 16,SLOP,340000,"SLOP@340,000"
SAMPOERNA MILD MENTHOL 16,BAL,3400000,"BAL@3,400,000"
SAMPOERNA MILD MENTHOL 16,SLOP,0,SLOP
SAMPOERNA MILD MENTHOL 16,BAL,0,BAL
SAMPOERNA MILD MENTHOL 16,KARTON,0,KARTON
DJARUM L.A MENTHOL 16,SLOP,288000,"SLOP@288,000"
DJARUM L.A MENTHOL 16,BAL,2870000,"BAL@2,870,000"
DJARUM L.A MENTHOL 16,SLOP,0,SLOP
DJARUM L.A MENTHOL 16,BAL,0,BAL
DJARUM L.A MENTHOL 16,KARTON,0,KARTON
SAMPOERNA KRETEK 12,SLOP,153000,"SLOP@153,000"
SAMPOERNA KRETEK 12,BAL,3055000,"BAL@3,055,000"
SAMPOERNA KRETEK 12,SLOP,0,SLOP
SAMPOERNA KRETEK 12,BAL,0,BAL
SAMPOERNA KRETEK 12,KARTON,0,KARTON
AROMA BOLD 12,SLOP,163000,"SLOP@163,000"
AROMA BOLD 12,BAL,1620000,"BAL@1,620,000"
AROMA BOLD 12,SLOP,0,SLOP
AROMA BOLD 12,BAL,0,BAL
AROMA BOLD 12,KARTON,0,KARTON
DJARUM SUPER MLD WHITE 20,SLOP,320000,"SLOP@320,000"
DJARUM SUPER MLD WHITE 20,BAL,3190000,"BAL@3,190,000"
DJARUM SUPER MLD WHITE 20,SLOP,0,SLOP
DJARUM SUPER MLD WHITE 20,BAL,0,BAL
DJINGGO LAMA 10,SLOP,84000,"SLOP@84,000"
DJINGGO LAMA 10,BAL,1660000,"BAL@1,660,000"
DJINGGO LAMA 10,SLOP,0,SLOP
DJINGGO LAMA 10,BAL,0,BAL
DJINGGO LAMA 10,KARTON,0,KARTON
KOPI LUWAK,DUS,210000,"DUS@210,000"
KOPI LUWAK,DUS,0,DUS
GUDANG GARAM SURYAPRO 16,SLOP,321000,"SLOP@321,000"
GUDANG GARAM SURYAPRO 16,BAL,3200000,"BAL@3,200,000"
GUDANG GARAM SURYAPRO 16,SLOP,0,SLOP
GUDANG GARAM SURYAPRO 16,BAL,0,BAL
GUDANG GARAM SURYAPRO 16,KARTON,0,KARTON
CLAS MILD 16,SLOP,281000,"SLOP@281,000"
CLAS MILD 16,BAL,2805000,"BAL@2,805,000"
CLAS MILD 16,SLOP,0,SLOP
CLAS MILD 16,BAL,0,BAL
CLAS MILD 16,KARTON,0,KARTON
INSTA,SLOP,230000,"SLOP@230,000"
INSTA,BAL,2290000,"BAL@2,290,000"
INSTA,SLOP,0,SLOP
INSTA,BAL,0,BAL
INSTA,KARTON,0,KARTON
GUDANG GARAM SURYAPROMILD 16,SLOP,321000,"SLOP@321,000"
GUDANG GARAM SURYAPROMILD 16,BAL,3200000,"BAL@3,200,000"
GUDANG GARAM SURYAPROMILD 16,SLOP,0,SLOP
GUDANG GARAM SURYAPROMILD 16,BAL,0,BAL
GUDANG GARAM SURYAPROMILD 16,KARTON,0,KARTON
AROMA MILD,SLOP,213000,"SLOP@213,000"
AROMA MILD,BAL,2120000,"BAL@2,120,000"
AROMA MILD,SLOP,0,SLOP
AROMA MILD,BAL,0,BAL
AROMA MILD,KARTON,0,KARTON
KOPI GAJAH TUBRUK,DUS,75000,"DUS@75,000"
KOPI GAJAH TUBRUK,DUS,0,DUS
DJARUM COKLAT 12,SLOP,163000,"SLOP@163,000"
DJARUM COKLAT 12,BAL,3240000,"BAL@3,240,000"
DJARUM COKLAT 12,SLOP,0,SLOP
DJARUM COKLAT 12,BAL,0,BAL
DJARUM COKLAT 12,KARTON,0,KARTON
MARLBORO ICE BURST 20,SLOP,498000,"SLOP@498,000"
MARLBORO ICE BURST 20,SLOP,0,SLOP
MARLBORO ICE BURST 20,KARTON,0,KARTON
DJI SAM SOE 12,SLOP,192000,"SLOP@192,000"
DJI SAM SOE 12,BAL,3840000,"BAL@3,840,000"
DJI SAM SOE 12,SLOP,0,SLOP
DJI SAM SOE 12,BAL,0,BAL
DJI SAM SOE 12,KARTON,0,KARTON
DJARUM L.A BOLD 20,SLOP,370000,"SLOP@370,000"
DJARUM L.A BOLD 20,BAL,3690000,"BAL@3,690,000"
DJARUM L.A BOLD 20,SLOP,0,SLOP
DJARUM L.A BOLD 20,BAL,0,BAL
DJARUM L.A BOLD 20,KARTON,0,KARTON
DJARUM ENVIO KRETEK,SLOP,59000,"SLOP@59,000"
DJARUM ENVIO KRETEK,BAL,1160000,"BAL@1,160,000"
DJARUM L.A 16,SLOP,329000,"SLOP@329,000"
DJARUM L.A 16,BAL,3280000,"BAL@3,280,000"
DJARUM L.A 16,SLOP,0,SLOP
DJARUM L.A 16,BAL,0,BAL
DJARUM L.A 16,KARTON,0,KARTON
SAMPOERNA MILD 50,SLOP,368000,"SLOP@368,000"
SAMPOERNA MILD 50,SLOP,0,SLOP
SAMPOERNA MILD 50,BAL,0,BAL
SAMPOERNA MILD 50,KARTON,0,KARTON
SAMPOERNA MILD 12,SLOP,245000,"SLOP@245,000"
SAMPOERNA MILD 12,BAL,2450000,"BAL@2,450,000"
SAMPOERNA MILD 12,SLOP,0,SLOP
SAMPOERNA MILD 12,BAL,0,BAL
SAMPOERNA MILD 12,KARTON,0,KARTON
DJARUM 76,SLOP,154000,"SLOP@154,000"
DJARUM 76,BAL,3060000,"BAL@3,060,000"
DJARUM 76,SLOP,0,SLOP
DJARUM 76,BAL,0,BAL
DJARUM 76,KARTON,0,KARTON
ENVIO KRETEK,SLOP,115000,"SLOP@115,000"
ENVIO KRETEK,SLOP,0,SLOP
ENVIO KRETEK,BAL,0,BAL
ENVIO KRETEK,BAL ,2285000,"BAL @2,285,000"
ENVIO KRETEK,KARTON,0,KARTON
DJARUM ENVIO MILD KRETEK 16,SLOP,225000,"SLOP@225,000"
DJARUM ENVIO MILD KRETEK 16,BAL,2240000,"BAL@2,240,000"
DJARUM ENVIO MILD KRETEK 16,SLOP,0,SLOP
DJARUM ENVIO MILD KRETEK 16,BAL,0,BAL
DJARUM ENVIO MILD KRETEK 16,KARTON,0,KARTON
SAMPOERNA MILD 16,SLOP,340000,"SLOP@340,000"
SAMPOERNA MILD 16,BAL,3400000,"BAL@3,400,000"
SAMPOERNA MILD 16,SLOP,0,SLOP
SAMPOERNA MILD 16,BAL,0,BAL
SAMPOERNA MILD 16,KARTON,0,KARTON
DJI SAM SOE 16,SLOP,261000,"SLOP@261,000"
DJI SAM SOE 16,BAL,5220000,"BAL@5,220,000"
DJI SAM SOE 16,SLOP,0,SLOP
DJI SAM SOE 16,BAL,0,BAL
DJI SAM SOE 16,KARTON,0,KARTON
DJARUM L.A ICE 16,SLOP,329000,"SLOP@329,000"
DJARUM L.A ICE 16,BAL,3280000,"BAL@3,280,000"
DJARUM L.A ICE 16,SLOP,0,SLOP
DJARUM L.A ICE 16,BAL,0,BAL
DJARUM L.A ICE 16,KARTON,0,KARTON
NESTLITE MENTHOL 16,SLOP,207000,"SLOP@207,000"
NESTLITE MENTHOL 16,BAL,2070000,"BAL@2,070,000"
NESTLITE MENTHOL 16,SLOP,0,SLOP
NESTLITE MENTHOL 16,BAL,0,BAL
NESTLITE MENTHOL 16,KARTON,0,KARTON
DJARUM BLACK CAPPUCINO 16,SLOP,280000,"SLOP@ 280,000"
DJARUM BLACK CAPPUCINO 16,BAL,2790000,"BAL@2,790,000"
DJARUM BLACK CAPPUCINO 16,SLOP,0,SLOP
DJARUM BLACK CAPPUCINO 16,BAL,0,BAL
DJARUM BLACK 16,SLOP,280000,"SLOP@280,000"
DJARUM BLACK 16,BAL,2790000,"BAL@2,790,000"
DJARUM BLACK 16,SLOP,0,SLOP
DJARUM BLACK 16,BAL,0,BAL
SAMPOERNA AVOLUTION MERAH 20,SLOP,420000,"SLOP@420,000"
SAMPOERNA AVOLUTION MERAH 20,BAL,4190000,"BAL@4,190,000"
SAMPOERNA AVOLUTION MERAH 20,SLOP,0,SLOP
SAMPOERNA AVOLUTION MERAH 20,BAL,0,BAL
SAMPOERNA AVOLUTION MERAH 20,KARTON,0,KARTON
AROMA SLIM 16,SLOP,137000,"SLOP@137,000"
AROMA SLIM 16,BAL,1365000,"BAL@1,365,000"
AROMA SLIM 16,SLOP,0,SLOP
AROMA SLIM 16,BAL,0,BAL
AROMA SLIM 16,KARTON,0,KARTON
SAMPOERNA AVOLUTION HIJAU 20,SLOP,420000,"SLOP@420,000"
SAMPOERNA AVOLUTION HIJAU 20,BAL,4190000,"BAL@4,190,000"
SAMPOERNA AVOLUTION HIJAU 20,SLOP,0,SLOP
SAMPOERNA AVOLUTION HIJAU 20,BAL,0,BAL
SAMPOERNA AVOLUTION HIJAU 20,KARTON,0,KARTON
GUDANG GARAM FILTER INT 12,SLOP,500000,"SLOP@500,000"
GUDANG GARAM FILTER INT 12,BAL,4990000,"BAL@4,990,000"
GUDANG GARAM FILTER INT 12,SLOP,0,SLOP
GUDANG GARAM FILTER INT 12,BAL,0,BAL
GUDANG GARAM FILTER INT 12,KARTON,0,KARTON
NESTLITE PUTIH 16,SLOP,207000,"SLOP@207,000"
NESTLITE PUTIH 16,BAL,2070000,"BAL@2,070,000"
NESTLITE PUTIH 16,SLOP,0,SLOP
NESTLITE PUTIH 16,BAL,0,BAL
NESTLITE PUTIH 16,KARTON,0,KARTON
GUDANG GARAM KALENG,KLG,103000,"KLG@103,000"
GUDANG GARAM KALENG,SLOP,1020000,"SLOP@1,020,000"
GUDANG GARAM KALENG,SLOP,0,SLOP
GUDANG GARAM KALENG,BAL,0,BAL
GUDANG GARAM KALENG,KARTON,0,KARTON
KOPI GAJAH + GULA,DUS,100000,"DUS@100,000"
KOPI GAJAH + GULA,DUS,0,DUS
DJARUM SUPER MLD BLACK 16,SLOP,289000,"SLOP@289,000"
DJARUM SUPER MLD BLACK 16,BAL,2890000,"BAL@2,890,000"
DJARUM SUPER MLD BLACK 16,SLOP,0,SLOP
DJARUM SUPER MLD BLACK 16,BAL,0,BAL
DJI SAM SOE MAGNUM FILTER 12,SLOP,252000,"SLOP@252,000"
DJI SAM SOE MAGNUM FILTER 12,BAL,2520000,"BAL@2,520,000"
DJI SAM SOE MAGNUM FILTER 12,SLOP,0,SLOP
DJI SAM SOE MAGNUM FILTER 12,BAL,0,BAL
DJI SAM SOE MAGNUM FILTER 12,KARTON,0,KARTON
DJI SAM SOE REFILL,SLOP,212000,"SLOP@212,000"
DJI SAM SOE REFILL,BAL,2115000,"BAL@2,115,000"
DJI SAM SOE REFILL,SLOP,0,SLOP
DJI SAM SOE REFILL,BAL,0,BAL
DJI SAM SOE REFILL,KARTON,0,KARTON
MARLBORO MERAH 20,SLOP,498000,"SLOP@498,000"
MARLBORO MERAH 20,SLOP,0,SLOP
MARLBORO MERAH 20,KARTON,0,KARTON
GUDANG GARAM SIGN 12,SLOP,248000,"SLOP@248,000"
GUDANG GARAM SIGN 12,BAL,4950000,"BAL@4,950,000"
GUDANG GARAM SIGN 12,SLOP,0,SLOP
GUDANG GARAM SIGN 12,BAL,0,BAL
GUDANG GARAM SIGN 12,KARTON,0,KARTON
DIVO,SLOP,113000,SLOP@113.000
DIVO,BAL,2240000,BAL@2.240.000
DIVO,SLOP,0,SLOP
DIVO,BAL,0,BAL
DIVO,KARTON,0,KARTON
GUDANG GARAM MERAH 12,SLOP,153000,"SLOP@153,000"
GUDANG GARAM MERAH 12,BAL,3050000,"BAL@3,050,000"
GUDANG GARAM MERAH 12,SLOP,0,SLOP
GUDANG GARAM MERAH 12,BAL,0,BAL
GUDANG GARAM MERAH 12,KARTON,0,KARTON
GUDANG GARAM SURYA 12,SLOP,250000,"SLOP@250,000"
GUDANG GARAM SURYA 12,BAL,4990000,"BAL@4,990,000"
GUDANG GARAM SURYA 12,SLOP,0,SLOP
GUDANG GARAM SURYA 12,BAL,0,BAL
GUDANG GARAM SURYA 12,KARTON,0,KARTON
ZIGA,SLOP ,165000,"SLOP @165,000"
ZIGA,SLOP,0,SLOP
ZIGA,BAL,0,BAL
ZIGA,BAL ,3280000,"BAL @3,280,000"
ZIGA,KARTON,0,KARTON
GUDANG GARAM SURYA 16,SLOP,339000,"SLOP@339,000"
GUDANG GARAM SURYA 16,BAL,3380000,"BAL@3,380,000"
GUDANG GARAM SURYA 16,SLOP,0,SLOP
GUDANG GARAM SURYA 16,BAL,0,BAL
GUDANG GARAM SURYA 16,KARTON,0,KARTON
MARLBORO FILTER BLACK 12,SLOP,230000,"SLOP@230,000"
MARLBORO FILTER BLACK 12,SLOP,0,SLOP
MARLBORO FILTER BLACK 12,KARTON,0,KARTON
KING KONG,DUS ,210000,DUS @210.000
KING KONG,#DUS,210000,#DUS@210.000
KING KONG,DUS,0,DUS
NESTLITE BLACK 16,SLOP,207000,"SLOP@207,000"
NESTLITE BLACK 16,BAL,2070000,"BAL@2,070,000"
NESTLITE BLACK 16,SLOP,0,SLOP
NESTLITE BLACK 16,BAL,0,BAL
NESTLITE BLACK 16,KARTON,0,KARTON
DJARUM SUPER 16,SLOP,307000,"SLOP@307,000"
DJARUM SUPER 16,BAL,3060000,"BAL@3,060,000"
DJARUM SUPER 16,SLOP,0,SLOP
DJARUM SUPER 16,BAL,0,BAL
DJARUM SUPER 16,KARTON,0,KARTON
MARLBORO FILTER BLACK 20,SLOP,380000,"SLOP@380,000"
MARLBORO FILTER BLACK 20,SLOP,0,SLOP
MARLBORO FILTER BLACK 20,KARTON,0,KARTON
MARLBORO PUTIH 20,SLOP,498000,"SLOP@498,000"
MARLBORO PUTIH 20,SLOP,0,SLOP
MARLBORO PUTIH 20,KARTON,0,KARTON
SRIWEDARI,SLOP,136000,"SLOP@136,000"
SRIWEDARI,BAL,2700000,"BAL@2,700,000"
SRIWEDARI,SLOP,0,SLOP
SRIWEDARI,BAL,0,BAL
DJARUM SUPER 12,SLOP,229000,"SLOP@229,000"
DJARUM SUPER 12,BAL,4550000,"BAL@4,550,000"
DJARUM SUPER 12,SLOP,0,SLOP
DJARUM SUPER 12,BAL,0,BAL
DJARUM SUPER 12,KARTON,0,KARTON
DJARUM SUPER 50,SLOP,451000,SLOP@451.000
DJARUM SUPER 50,BAL,3610000,BAL@3.610.000
DJARUM SUPER 50,SLOP,0,SLOP
DJARUM SUPER 50,BAL,0,BAL
DJARUM SUPER 50,KARTON,0,KARTON
GUDANG GARAM DJAYA,SLOP,136000,"SLOP@136,000"
GUDANG GARAM DJAYA,BAL,2700000,"BAL@2,700,000"
GUDANG GARAM DJAYA,SLOP,0,SLOP
GUDANG GARAM DJAYA,BAL,0,BAL
MARTEK MERAH,SLOP,110000,"SLOP@110,000"
MARTEK MERAH,SLOP,0,SLOP
MARTEK MERAH,KARTON,0,KARTON
AROMA BOLD 16,SLOP,213000,"SLOP@213,000"
AROMA BOLD 16,BAL,2120000,"BAL@2,120,000"
AROMA BOLD 16,SLOP,0,SLOP
AROMA BOLD 16,BAL,0,BAL
AROMA BOLD 16,KARTON,0,KARTON
MAGNUM MAX 12,SLOP,172000,"SLOP@172,000"
MAGNUM MAX 12,BAL,3430000,"BAL@3,430,000"
MAGNUM MAX 12,SLOP,0,SLOP
MAGNUM MAX 12,BAL,0,BAL
EVO,SLOP,238000,SLOP@238.000
EVO,BAL,2380000,BAL@2.380.000
EVO,SLOP,0,SLOP
EVO,BAL,0,BAL
EVO,KARTON,0,KARTON
MARTEK BIRU,SLOP,103000,"SLOP@103,000"
MARTEK BIRU,SLOP,0,SLOP@
MARTEK BIRU,KARTON,0,KARTON
MAGNUM MAX 20,SLOP,283000,"SLOP@283,000"
MAGNUM MAX 20,BAL,2830000,"BAL@2,830,000"
MAGNUM MAX 20,SLOP,0,SLOP
MAGNUM MAX 20,BAL,0,BAL
LA PB,SLOP,329000,"SLOP@329,000"
LA PB,BAL,3280000,"BAL@3,280,000"
LA PB,KARTON,0,KARTON
TWISZ UNGU 16,SLOP,246000,SLOP@246.000
TWISZ UNGU 16,BAL,2460000,BAL@2.460.000
TWISZ UNGU 16,SLOP,0,SLOP
TWISZ UNGU 16,BAL,0,BAL
TWISZ UNGU 16,KARTON,0,KARTON
M BINTANG,SLOP,231000,"SLOP@231,000"
M BINTANG,BAL,2300000,"BAL@2,300,000"
M BINTANG,SLOP,0,SLOP
M BINTANG,BAL,0,BAL
76 MANGGA,SLOP,145000,"SLOP@145,000"
76 MANGGA,BAL,2880000,"BAL@2,880,000"
76 MANGGA,SLOP,0,SLOP
76 MANGGA,BAL,0,BAL
COKLAT  EKSTRA,SLOP,154000,"SLOP@154,000"
COKLAT  EKSTRA,BAL,3060000,"BAL@3,060,000"
COKLAT  EKSTRA,SLOP,0,SLOP
COKLAT  EKSTRA,BAL,0,BAL
TWISZ UNGU 12,SLOP,186000,"SLOP@186,000"
TWISZ UNGU 12,BAL,1860000,"BAL@1,860,000"
TWISZ UNGU 12,SLOP,0,SLOP
TWISZ UNGU 12,BAL,0,BAL
REFILL EDISI,SLOP,185000,"SLOP@185,000"
REFILL EDISI,SLOP,0,SLOP
REFILL EDISI,BAL,1835000,"BAL@1,835,000"
REFILL EDISI,BAL,0,BAL
DELUXE 12,SLOP,144000,"SLOP@144,000"
DELUXE 12,SLOP,0,SLOP
DELUXE 16,SLOP,182000,"SLOP@182,000"
DELUXE 16,SLOP,0,SLOP
ULTRA MILD 16,BAL,2850000,"BAL@2,850,000"
ULTRA MILD 16,BAL,0,BAL
ULTRA MILD 16,SLOP,285000,"SLOP@285,000"
PRIMA,SLOP,146500,"SLOP@146,500"
PRIMA,SLOP,0,SLOP
GUDANG GARAM SURYA 16 MERAH,SLOP,339000,"SLOP@339,000"
GUDANG GARAM SURYA 16 MERAH,BAL,3380000,"BAL@3,380,000"
GUDANG GARAM SURYA 16 MERAH,SLOP,328000,SLOP
GUDANG GARAM SURYA 16 MERAH,BAL,3280000,BAL
NESTLITE BIRU 16,SLOP,203000,"SLOP@203,000"
NESTLITE BIRU 16,BAL,2025000,"BAL@2,025,000"
NESTLITE BIRU 16,SLOP,0,SLOP
NESTLITE BIRU 16,BAL,0,BAL
MAGNUM KRETEK,SLOP,163500,"SLOP@163,500"
MAGNUM KRETEK,BAL,1635000,"BAL@1,635,000"
MAGNUM KRETEK,SLOP,0,SLOP
MAGNUM KRETEK,BAL,0,BAL
GUDANG GARAM KALENG SURYA,KLG,103000,"KLG@103,000"
GUDANG GARAM KALENG SURYA,SLOP,1020000,"SLOP@1,020,000"
GUDANG GARAM KALENG SURYA,SLOP,0,SLOP
GUDANG GARAM MERAH LAMA,SLOP,153000,"SLOP@153,000"
GUDANG GARAM MERAH LAMA,BAL,3050000,"BAL@3,050,000"
GUDANG GARAM MERAH LAMA,SLOP,0,SLOP
GUDANG GARAM MERAH LAMA,BAL,0,BAL
TWISZ KUNING16,SLOP,246000,SLOP@246.000
TWISZ KUNING16,BAL,2460000,BAL@2.460.000
TWISZ KUNING16,SLOP,0,SLOP
TWISZ KUNING16,BAL,0,BAL
DJI SAM SOE REFILL 16,SLOP,205000,"SLOP@205,000"
DJI SAM SOE REFILL 16,SLOP,0,SLOP
NESTLITEMAX 12,SLOP,150000,"SLOP@150,000"
NESTLITEMAX 12,BAL,2970000,"BAL@2,970,000"
NESTLITEMAX 12,SLOP,0,SLOP
NESTLITEMAX 12,BAL,0,BAL
76 NANAS,SLOP,135000,"SLOP@135,000"
76 NANAS,BAL,2700000,"BAL@2,700,000"
76 NANAS,SLOP,0,SLOP
76 NANAS,BAL,0,BAL
EVO EDISI,SLOP,232000,"SLOP@232,000"
EVO EDISI,SLOP,0,SLOP
EVO EDISI,BAL,2320000,"BAL@2,320,000"
EVO EDISI,BAL,0,BAL
FILTER KRETEK,SLOP,162000,"SLOP@162,000"
FILTER KRETEK,SLOP,0,SLOP
PRIMA GO,SLOP,125000,"SLOP@125,000"
PRIMA GO,SLOP,0,SLOP
PRIMA GO,BAL,0,BAL
SIGNATURE KRETEK,SLOP,144000,"SLOP@144,000"
SIGNATURE KRETEK,BAL,2880000,"BAL@2,880,000"
SIGNATURE KRETEK,SLOP,0,SLOP
SIGNATURE KRETEK,BAL,0,BAL
ENVIO SEMANGKA,SLOP,230000,"SLOP@230,000"
ENVIO SEMANGKA,SLOP,0,SLOP
ENVIO SEMANGKA,BAL,2290000,"BAL@2,290,000"
ENVIO SEMANGKA,BAL,0,BAL
76 APEL,SLOP,136000,"SLOP@136,000"
76 APEL,BAL,2705000,"BAL@2,705,000"
76 APEL,SLOP,0,SLOP
76 APEL,BAL,0,BAL
GG PATRA,SLOP,127000,"SLOP@127,000"
REFILL KERTAS,SLOP,182000,"SLOP@182,000"
REFILL KERTAS,SLOP,0,SLOP
SLIM BERRY TEA,SLOP,163500,"SLOP@163,500"
SLIM BERRY TEA,BAL,1635000,"BAL@1,635,000"
SLIM BERRY TEA,SLOP,0,SLOP
SLIM BERRY TEA,BAL,0,BAL
SLIM ICE TEA,SLOP,163500,"SLOP@163,500"
SLIM ICE TEA,BAL,1635000,"BAL@1,635,000"
SLIM ICE TEA,SLOP,0,SLOP
SLIM ICE TEA,BAL,0,BAL
SLIM LYCHEE TEA,SLOP,163500,"SLOP@163,500"
SLIM LYCHEE TEA,BAL,1635000,"BAL@1,635,000"
SLIM LYCHEE TEA,SLOP,0,SLOP
SLIM LYCHEE TEA,BAL,0,BAL
ARJA 12,SLOP,96500,"SLOP@96,500"
ARJA 12,SLOP,0,SLOP
ARJA 12,BAL,1930000,"BAL@1,930,000"
3VO,SLOP,212000,"SLOP@212,000"
3VO,SLOP,0,SLOP
3VO,BAL,2120000,"BAL@2,120,000"
ARJA PRAYA,SLOP,135500,"SLOP@135,500"
ARJA PRAYA,SLOP,0,SLOP
PRIMA KERTAS,SLOP,134000,"SLOP@134,000"
PRIMA KERTAS,SLOP,0,SLOP
EVO BERRY,SLOP,244000,"SLOP@244,000"
EVO BERRY,BAL,2435000,"BAL@2,435,000"
EVO BERRY,SLOP,0,SLOP
EVO BERRY,BAL,0,BAL
EVO MANGO,SLOP,244000,"SLOP@244,000"
EVO MANGO,BAL,2435000,"BAL@2,435,000"
EVO MANGO,SLOP,0,SLOP
EVO MANGO,BAL,0,BAL
EVO LYCEE,SLOP,244000,"SLOP@244,000"
EVO LYCEE,BAL,2435000,"BAL@2,435,000"
EVO LYCEE,SLOP,0,SLOP
EVO LYCEE,BAL,0,BAL
